ColA,ColB,ColC,ColD,ColE
0.861290774,0.901916604,0.734002499,0.185782553,0.572317912
0.822577595,0.087887936,0.350010727,0.298375862,0.410582213
0.564245237,0.118329143,0.747378745,0.250915656,0.120869822
0.401735172,0.651124987,0.440061411,0.891307109,0.079320602
0.210895435,0.068339377,0.153647194,0.519525899,0.629783069
